{
  "accuracy": 0.6981132075471698,
  "precision": 0.2222222222222222,
  "recall": 0.2857142857142857,
  "f1": 0.25,
  "n_samples": 159
}