{
  "accuracy": 0.3710691823899371,
  "precision": 0.19491525423728814,
  "recall": 0.8214285714285714,
  "f1": 0.3150684931506849,
  "n_samples": 159
}