{
  "classification_report": {
    "0": {
      "precision": 0.8,
      "recall": 0.6153846153846154,
      "f1-score": 0.6956521739130435,
      "support": 26.0
    },
    "1": {
      "precision": 0.16666666666666666,
      "recall": 0.3333333333333333,
      "f1-score": 0.2222222222222222,
      "support": 6.0
    },
    "accuracy": 0.5625,
    "macro avg": {
      "precision": 0.48333333333333334,
      "recall": 0.47435897435897434,
      "f1-score": 0.45893719806763283,
      "support": 32.0
    },
    "weighted avg": {
      "precision": 0.68125,
      "recall": 0.5625,
      "f1-score": 0.6068840579710144,
      "support": 32.0
    }
  },
  "metrics": {
    "test_loss": 0.3060505986213684,
    "test_accuracy": 0.5625,
    "test_macro_f1": 0.45893719806763283,
    "test_salient_precision": 0.16666666666666666,
    "test_salient_recall": 0.3333333333333333,
    "test_salient_f1": 0.2222222222222222,
    "test_runtime": 0.2608,
    "test_samples_per_second": 122.691,
    "test_steps_per_second": 7.668
  },
  "top_k_metrics": {
    "top_2_recall_val": 1.0,
    "top_2_recall_test": 1.0
  }
}