{
  "accuracy": 0.6666666666666666,
  "f1_macro": 0.6031746031746031,
  "classification_report": {
    "0": {
      "precision": 0.8888888888888888,
      "recall": 0.6666666666666666,
      "f1-score": 0.7619047619047619,
      "support": 24.0
    },
    "1": {
      "precision": 0.3333333333333333,
      "recall": 0.6666666666666666,
      "f1-score": 0.4444444444444444,
      "support": 6.0
    },
    "accuracy": 0.6666666666666666,
    "macro avg": {
      "precision": 0.611111111111111,
      "recall": 0.6666666666666666,
      "f1-score": 0.6031746031746031,
      "support": 30.0
    },
    "weighted avg": {
      "precision": 0.7777777777777778,
      "recall": 0.6666666666666666,
      "f1-score": 0.6984126984126984,
      "support": 30.0
    }
  },
  "n_samples": 30,
  "n_dropped_nan_pred": 0
}