{
  "accuracy": 0.5,
  "f1_macro": 0.3333333333333333,
  "classification_report": {
    "0": {
      "precision": 0.7142857142857143,
      "recall": 0.625,
      "f1-score": 0.6666666666666666,
      "support": 24.0
    },
    "1": {
      "precision": 0.0,
      "recall": 0.0,
      "f1-score": 0.0,
      "support": 6.0
    },
    "accuracy": 0.5,
    "macro avg": {
      "precision": 0.35714285714285715,
      "recall": 0.3125,
      "f1-score": 0.3333333333333333,
      "support": 30.0
    },
    "weighted avg": {
      "precision": 0.5714285714285714,
      "recall": 0.5,
      "f1-score": 0.5333333333333333,
      "support": 30.0
    }
  },
  "n_samples": 30,
  "n_dropped_nan_pred": 0
}