{
  "classification_report": {
    "0": {
      "precision": 0.85,
      "recall": 0.6538461538461539,
      "f1-score": 0.7391304347826086,
      "support": 26.0
    },
    "1": {
      "precision": 0.25,
      "recall": 0.5,
      "f1-score": 0.3333333333333333,
      "support": 6.0
    },
    "accuracy": 0.625,
    "macro avg": {
      "precision": 0.55,
      "recall": 0.5769230769230769,
      "f1-score": 0.536231884057971,
      "support": 32.0
    },
    "weighted avg": {
      "precision": 0.7374999999999999,
      "recall": 0.625,
      "f1-score": 0.6630434782608695,
      "support": 32.0
    }
  },
  "metrics": {
    "test_loss": 0.31096991896629333,
    "test_accuracy": 0.625,
    "test_macro_f1": 0.536231884057971,
    "test_salient_precision": 0.25,
    "test_salient_recall": 0.5,
    "test_salient_f1": 0.3333333333333333,
    "test_runtime": 0.226,
    "test_samples_per_second": 141.609,
    "test_steps_per_second": 8.851
  },
  "top_k_metrics": {
    "top_2_recall_val": 1.0,
    "top_2_recall_test": 1.0
  }
}