{
  "accuracy": 0.85,
  "f1_macro": 0.7402597402597402,
  "classification_report": {
    "0": {
      "precision": 0.8823529411764706,
      "recall": 0.9375,
      "f1-score": 0.9090909090909091,
      "support": 16.0
    },
    "1": {
      "precision": 0.6666666666666666,
      "recall": 0.5,
      "f1-score": 0.5714285714285714,
      "support": 4.0
    },
    "accuracy": 0.85,
    "macro avg": {
      "precision": 0.7745098039215685,
      "recall": 0.71875,
      "f1-score": 0.7402597402597402,
      "support": 20.0
    },
    "weighted avg": {
      "precision": 0.8392156862745098,
      "recall": 0.85,
      "f1-score": 0.8415584415584416,
      "support": 20.0
    }
  },
  "n_samples": 20,
  "n_dropped_nan_pred": 0
}