{
  "accuracy": 0.7241379310344828,
  "f1_macro": 0.6403100775193798,
  "classification_report": {
    "0": {
      "precision": 0.9210526315789473,
      "recall": 0.7291666666666666,
      "f1-score": 0.813953488372093,
      "support": 48.0
    },
    "1": {
      "precision": 0.35,
      "recall": 0.7,
      "f1-score": 0.4666666666666667,
      "support": 10.0
    },
    "accuracy": 0.7241379310344828,
    "macro avg": {
      "precision": 0.6355263157894737,
      "recall": 0.7145833333333333,
      "f1-score": 0.6403100775193798,
      "support": 58.0
    },
    "weighted avg": {
      "precision": 0.822595281306715,
      "recall": 0.7241379310344828,
      "f1-score": 0.7540764501470194,
      "support": 58.0
    }
  },
  "n_samples": 58,
  "n_dropped_nan_pred": 0
}