{
  "accuracy": 0.2,
  "f1_macro": 0.1919191919191919,
  "classification_report": {
    "0": {
      "precision": 0.5,
      "recall": 0.0625,
      "f1-score": 0.1111111111111111,
      "support": 16.0
    },
    "1": {
      "precision": 0.16666666666666666,
      "recall": 0.75,
      "f1-score": 0.2727272727272727,
      "support": 4.0
    },
    "accuracy": 0.2,
    "macro avg": {
      "precision": 0.3333333333333333,
      "recall": 0.40625,
      "f1-score": 0.1919191919191919,
      "support": 20.0
    },
    "weighted avg": {
      "precision": 0.4333333333333333,
      "recall": 0.2,
      "f1-score": 0.14343434343434341,
      "support": 20.0
    }
  },
  "n_samples": 20,
  "n_dropped_nan_pred": 0
}