{
  "accuracy": 0.15,
  "f1_macro": 0.13043478260869565,
  "classification_report": {
    "0": {
      "precision": 0.0,
      "recall": 0.0,
      "f1-score": 0.0,
      "support": 16.0
    },
    "1": {
      "precision": 0.15789473684210525,
      "recall": 0.75,
      "f1-score": 0.2608695652173913,
      "support": 4.0
    },
    "accuracy": 0.15,
    "macro avg": {
      "precision": 0.07894736842105263,
      "recall": 0.375,
      "f1-score": 0.13043478260869565,
      "support": 20.0
    },
    "weighted avg": {
      "precision": 0.031578947368421054,
      "recall": 0.15,
      "f1-score": 0.05217391304347826,
      "support": 20.0
    }
  },
  "n_samples": 20,
  "n_dropped_nan_pred": 0
}