{
  "accuracy": 0.6724137931034483,
  "f1_macro": 0.4848059841047218,
  "classification_report": {
    "0": {
      "precision": 0.8222222222222222,
      "recall": 0.7708333333333334,
      "f1-score": 0.7956989247311828,
      "support": 48.0
    },
    "1": {
      "precision": 0.15384615384615385,
      "recall": 0.2,
      "f1-score": 0.17391304347826086,
      "support": 10.0
    },
    "accuracy": 0.6724137931034483,
    "macro avg": {
      "precision": 0.488034188034188,
      "recall": 0.4854166666666667,
      "f1-score": 0.4848059841047218,
      "support": 58.0
    },
    "weighted avg": {
      "precision": 0.7069849690539346,
      "recall": 0.6724137931034483,
      "f1-score": 0.6884944624461962,
      "support": 58.0
    }
  },
  "n_samples": 58,
  "n_dropped_nan_pred": 0
}